{"num_tokens":10563,"time/total":1.761885166168213,"num_sequences":32,"learning_rate":9.774193548387099e-05,"time/step":1.7182857990264893,"time/evals":21.3860604763031,"time/infrequent_evals":0.0013380050659179688,"time/save_checkpoint":7.995667457580566,"_runtime":1490.279482295,"test/test_accuracy":0.94,"_wandb":{"runtime":1490},"_step":317,"progress":0.5112903225806451,"epoch":10,"train_mean_nll":0.00024661669158376753,"time/get_batch":0.036482810974121094,"num_loss_tokens":64,"_timestamp":1.7625698659499276e+09}