{"time/save_checkpoint":7.908710479736328,"num_sequences":4096,"num_tokens":1472732,"test/test_accuracy":0.7415509746178657,"time/infrequent_evals":0.0006656646728515625,"time/step":17.22304677963257,"time/get_batch":3.1936354637145996,"time/total":20.576716423034668,"epoch":4,"_timestamp":1.7625736131129303e+09,"num_loss_tokens":8192,"progress":0.9714285714285714,"time/evals":67.50329446792603,"_step":34,"learning_rate":5.714285714285716e-06,"test/test_precision":0.2281134401972873,"_wandb":{"runtime":1050},"test/test_recall":0.13195435092724678,"train_mean_nll":0.07532308250665665,"_runtime":1050.605293962}